name,tot_req,tot_req[M],uniq_obj,%uniq_obj/tot_req,reads,writes,heads,copys,deletes,other,%reads/tot_req,%writes/tot_req,%heads/tot_req,%copys/tot_req,%delete/tot_req,%other/tot_req,get_once,%get_once/obj,write_only,%write_only/obj,head_no_reads,one_head_with_read,num_few_heads_with_reads,count_few_heads_with_reads,avg_head_get_time[ms],median_head_get_time[ms],avg_size,median_size,zero_size,size_up_1MB,size_1MB_10MB,size_10MB_100MB,size_100MB_1GB,size_1GB_10GB,size_above_10GB,per_obj_num_reads_eq_0,per_obj_num_reads_eq_1,per_obj_num_reads_2_10,per_obj_num_reads_10_100,per_obj_num_reads_100_1K,per_obj_num_reads_1K_10K,per_obj_num_reads_10K_100K,per_obj_num_reads_100K_1M,per_obj_num_reads_above_1M,per_get_time_diff_less_1sec,per_get_time_diff_1sec_1m,per_get_time_diff_1m_1h,per_get_time_diff_1h_24h,per_get_time_diff_above_24h,per_obj_avg_time_diff_less_1sec,per_obj_avg_time_diff_1sec_1m,per_obj_avg_time_diff_1m_1h,per_obj_avg_time_diff_1h_24h,per_obj_avg_time_diff_above_24h,per_obj_median_time_diff_less_1sec,per_obj_median_time_diff_1sec_1m,per_obj_median_time_diff_1m_1h,per_obj_median_time_diff_1h_24h,per_obj_median_time_diff_above_24h
IBMObjectStoreTrace000Part0,45822733,45.822733,205708,0.44892128105933793,962187,66010,44760170,10800,23566,0,2.0998027332852454,0.1440551352534996,97.68114442235472,0.023569087422175367,0.05142862168435043,0.0,13787,6.702218678904077,13787,13.761739942053786,43792819,894191,73160,23624,204.84656493955754,50,2504585.8390339706,59568.0,0,150630,44148,10730,168,32,0,154168,13787,25068,11679,906,99,1,0,0,1243,3632,6551,8645,17682,1243,3632,6551,8645,17682,1315,5297,7799,6662,16680
IBMObjectStoreTrace001Part0,1577730,1.57773,1085293,68.78825908108485,468959,629333,479438,0,0,0,29.72365360359504,39.88851070842286,30.3878356879821,0.0,0.0,0.0,438339,40.3890009426026,438339,57.92233065172262,10484,468920,34,17,129.66401883408645,85,47231.941626823354,6419,12284,1080531,4730,32,0,0,0,635744,438339,11210,0,0,0,0,0,0,0,69,41,10299,801,0,69,41,10299,801,0,69,41,10299,801
IBMObjectStoreTrace002Part0,376495,0.376495,415,0.11022722745321982,376250,126,0,0,119,0,99.93492609463605,0.033466579901459514,0.0,0.0,0.031607325462489545,0.0,0,0.0,0,25.301204819277107,0,0,0,0,0,0,1211377.7913486005,1301,0,302,91,0,0,0,0,127,0,2,3,3,280,0,0,0,0,0,3,4,281,0,0,3,4,281,0,0,3,4,281
IBMObjectStoreTrace003Part0,1513803,1.513803,11595,0.7659517123430195,1487695,12244,12539,1325,0,0,98.27533701545049,0.8088238694202615,0.8283112135462805,0.08752790158296687,0.0,0.0,1825,15.739542906425182,1825,12.186287192755497,8010,48,4481,895,2801860.7391304346,101922,4882358.587580854,71,0,10658,498,311,128,0,0,4407,1825,3819,1205,286,41,9,3,0,1119,2254,891,444,655,1119,2254,891,444,655,1350,2179,827,402,605
IBMObjectStoreTrace004Part0,9924707,9.924707,36227,0.36501833253112664,9900394,24313,0,0,0,0,99.75502551359955,0.24497448640045497,0.0,0.0,0.0,0.0,1826,5.040439451238027,1826,5.123250614182792,0,0,0,0,0,0,19873398.732961603,58254,0,22549,2698,10196,784,0,0,1856,1826,13419,13991,3752,1116,267,0,0,4422,9143,16370,2606,4,4422,9143,16370,2606,4,4824,11394,13908,2413,6
IBMObjectStoreTrace005Part0,53000000,53.0,99800,0.18830188679245283,223338,1,52776655,6,0,0,0.42139245283018867,1.8867924528301887e-06,99.57859433962264,1.1320754716981132e-05,0.0,0.0,473,0.4739478957915832,473,0.0,51913359,10352,852944,37486,156838.765312095,71538.0,3021100.359228457,66608.0,0,87771,8881,2602,538,8,0,96977,473,1098,1062,175,13,2,0,0,5,66,700,1579,0,5,66,700,1579,0,5,82,672,1591,0
IBMObjectStoreTrace005Part1,53000000,53.0,110091,0.20771886792452832,280718,10286,52699190,0,9806,0,0.5296566037735849,0.01940754716981132,99.43243396226416,0.0,0.018501886792452828,0.0,480,0.4360029430198654,480,0.0,51900030,71902,727258,31740,136716.8861947859,58348.5,2857219.071350065,69160,0,96874,9889,2772,548,8,0,97016,480,11027,1340,213,13,2,0,0,13,152,10538,1892,0,13,152,10538,1892,0,24,1947,8752,1872,0
IBMObjectStoreTrace005Part2,53000000,53.0,100377,0.18939056603773585,218976,100,52780868,12,44,0,0.41316226415094337,0.00018867924528301886,99.58654339622642,2.2641509433962265e-05,8.301886792452829e-05,0.0,492,0.49015212648315853,492,0.0,51961765,12542,806561,29948,129169.16895740174,61101.5,3057326.267322195,66836,0,88230,8962,2627,550,8,0,97476,492,1246,965,183,13,2,0,0,7,180,742,1480,0,7,180,742,1480,0,8,198,720,1483,0
IBMObjectStoreTrace005Part3,53000000,53.0,100333,0.18930754716981132,209348,0,52790652,0,0,0,0.39499622641509435,0.0,99.60500377358491,0.0,0.0,0.0,597,0.5950185881016216,597,0.0,52266495,12844,511313,24341,116342.90506924836,50967,3057110.179143452,66820,0,88203,8953,2619,550,8,0,97442,597,1209,902,168,13,2,0,0,57,121,710,1406,0,57,121,710,1406,0,67,128,698,1401,0
IBMObjectStoreTrace005Part4,53000000,53.0,100333,0.18930754716981132,207990,0,52792010,0,0,0,0.39243396226415095,0.0,99.60756603773585,0.0,0.0,0.0,632,0.6299024249249998,632,0.0,52267443,9828,514739,24657,122071.69839060461,49710,3057110.179143452,66820,0,88203,8953,2619,550,8,0,97442,632,1189,886,169,13,2,0,0,6,122,722,1409,0,6,122,722,1409,0,9,136,695,1419,0
IBMObjectStoreTrace005Part5,53000000,53.0,100335,0.189311320754717,218858,3,52781132,5,2,0,0.41293962264150946,5.660377358490566e-06,99.58704150943396,9.433962264150942e-06,3.7735849056603773e-06,0.0,622,0.6199232570887527,622,0.0,52081141,11734,688257,29287,121575.84978425685,51629,3057144.234584143,66820,0,88203,8955,2619,550,8,0,97429,622,1147,951,171,13,2,0,0,5,161,706,1412,0,5,161,706,1412,0,6,170,713,1395,0
IBMObjectStoreTrace005Part6,51602087,51.602087,100333,0.19443593434505857,196217,0,51405870,0,0,0,0.38025012437965927,0.0,99.61974987562034,0.0,0.0,0.0,375,0.3737553945361945,375,0.0,50654579,9388,741903,29404,132581.19565889874,59447.0,3057110.1804889715,66820,0,88203,8953,2619,550,8,0,97646,375,1164,965,168,13,2,0,0,7,73,672,1560,0,7,73,672,1560,0,7,76,679,1550,0
IBMObjectStoreTrace006Part0,4264766,4.264766,1567586,36.75667082320577,2132133,0,2132633,0,0,0,49.99413801366828,0.0,50.00586198633172,0.0,0.0,0.0,1026543,65.48559377284565,1026543,0.0,533,2124042,8058,4008,607.9219247668053,249.0,471.6271719701503,482.0,3,1567586,0,0,0,0,0,438,1026543,540605,0,0,0,0,0,0,518,5174,3581,42,531290,518,5174,3581,42,531290,525,7438,5095,0,527547
IBMObjectStoreTrace007Part0,4006426,4.006426,438400,10.942421000662437,2003169,0,2003257,0,0,0,49.998901764315626,0.0,50.001098235684374,0.0,0.0,0.0,0,0.0,0,0.0,189,1937856,65212,32322,387.37136390722054,364.0,754.9094571167883,620.0,0,438396,4,0,0,0,0,0,0,437000,1400,0,0,0,0,0,458,262393,2477,8500,164572,458,262393,2477,8500,164572,553,319187,3817,0,114843
IBMObjectStoreTrace008Part0,147348,0.147348,2,0.001357330944430871,147348,0,0,0,0,0,100.0,0.0,0.0,0.0,0.0,0.0,0,0.0,0,0.0,0,0,0,0,0,0,60434.0,60434.0,0,2,0,0,0,0,0,0,0,0,0,0,0,2,0,0,0,0,0,0,2,0,0,0,0,2,0,0,0,0,2
IBMObjectStoreTrace009Part0,2127925,2.1279250000000003,698856,32.842134943665776,619877,0,927386,0,580662,0,29.130584959526303,0.0,43.58170518227851,0.0,27.287709858195193,0.0,324,0.04636148219375666,324,0.0,249,387633,539504,230558,124.70583363394161,9,59983162.036363944,88153498.5,0,28877,2982,86335,0,0,0,580768,324,117764,0,0,0,0,0,0,0,2656,115108,0,0,0,2656,115108,0,0,0,12290,105474,0,0
IBMObjectStoreTrace010Part0,14126155,14.126155,7251438,51.33341663035695,199426,5759240,7234866,0,932623,0,1.4117500480491685,40.77004676785721,51.21610232933166,0.0,6.602100854761965,0.0,54586,0.7527610385691776,54586,0.8803771058926518,7221950,12916,0,0,29118074.80566739,6922132.5,5332295.9909580825,8388608.0,111580,2278566,4054443,91513,0,0,0,7154550,54586,41683,619,0,0,0,0,0,15852,21196,1009,3421,824,15852,21196,1009,3421,824,16508,20552,994,3426,822
IBMObjectStoreTrace011Part0,2423077,2.423077,334572,13.807732894992606,949874,288665,1080400,0,104138,0,39.20114796186832,11.913158351963226,44.58793509244651,0.0,4.29775859372195,0.0,94,0.02809559676243081,94,2.197434334014801,338,538859,541203,226680,68.77775789345807,8,16678104.45301502,4078643.5,0,81750,63231,86029,0,0,0,111112,94,222994,372,0,0,0,0,0,1947,185178,29934,6307,0,1947,185178,29934,6307,0,2020,197691,17510,5468,677
IBMObjectStoreTrace012Part0,22092715,22.092715000000002,84367,0.3818770123997888,18268216,60896,3755588,0,8015,0,82.6888682536302,0.27563837219644577,16.999214446934204,0.0,0.03627892723913742,0.0,0,0.0,0,6.9209525051264125,156803,2629313,969472,449930,161.38870819873586,6,78679736.73740715,52170803,16198,18241,2924,27296,28944,0,0,27850,0,5655,5349,45290,223,0,0,0,4341,2016,2038,38115,10007,4341,2016,2038,38115,10007,4341,2175,3793,42120,4088
IBMObjectStoreTrace013Part0,175849,0.17584899999999998,114770,65.26622272517899,61379,114470,0,0,0,0,34.904378188104566,65.09562181189543,0.0,0.0,0.0,0.0,262,0.22828265226104383,262,81.49429293369347,0,0,0,0,0,0,447300.6201533502,459810.5,0,114770,0,0,0,0,0,93531,262,20975,2,0,0,0,0,0,0,20974,2,1,0,0,20974,2,1,0,0,20974,2,1,0
IBMObjectStoreTrace014Part0,214352,0.21435200000000001,109615,51.13784802567739,54234,107296,0,0,52822,0,25.301373441815333,50.05598268269016,0.0,0.0,24.642643875494514,0.0,53389,48.70592528394837,53389,48.93308397573325,0,0,0,0,0,0,676667.531312567,98649,0,83309,23879,197,0,0,0,55868,53389,358,0,0,0,0,0,0,0,247,106,5,0,0,247,106,5,0,0,247,106,5,0
IBMObjectStoreTrace015Part0,1989389,1.9893889999999999,678189,34.09031617245295,904041,560368,0,112321,412659,0,45.4431486250301,28.167844498989385,0.0,5.646004878884924,20.743001997095593,0.0,256628,37.840189091831334,256628,20.492959927099967,0,0,0,0,0,0,639990.2919251543,94520,1,556889,119937,993,2,0,0,145589,256628,275954,18,0,0,0,0,0,0,48885,184310,42664,113,0,48885,184310,42664,113,1,48948,183642,43264,117
IBMObjectStoreTrace016Part0,694624,0.694624,39018,5.617139632376652,693524,1100,0,0,0,0,99.84164094531718,0.1583590546828212,0.0,0.0,0.0,0.0,16989,43.54144241119483,16989,1.1046183812599313,0,0,0,0,0,0,21923.771387564713,15861.0,0,39005,13,0,0,0,0,431,16989,13574,6861,1048,115,0,0,0,3,46,351,4057,17141,3,46,351,4057,17141,3,46,382,4274,16893
IBMObjectStoreTrace017Part0,31981,0.031981,8,0.025014852568712675,22175,5858,3948,0,0,0,69.33804446390045,18.317125793439857,12.344829742659705,0.0,0.0,0.0,0,0.0,0,0.0,3948,0,0,0,0,0,1601.25,71.0,0,8,0,0,0,0,0,3,0,0,0,0,5,0,0,0,0,0,0,0,5,0,0,0,0,5,0,0,0,0,5
IBMObjectStoreTrace018Part0,55000000,55.0,34508466,62.74266545454545,54050726,650651,0,0,298623,0,98.27404727272727,1.183001818181818,0.0,0.0,0.542950909090909,0.0,23504328,68.11177291972352,23504328,0.6094765267166614,0,0,0,0,0,0,76318.45375027605,12717.0,111,33862508,377200,2913,5,0,0,476564,23504328,10293447,231880,2244,2,1,0,0,112212,146576,685748,7172896,2410142,112212,146576,685748,7172896,2410142,181013,193293,635911,7036127,2481230
IBMObjectStoreTrace018Part1,55000000,55.0,34290007,62.34546727272728,53919118,854144,0,0,226738,0,98.03476,1.5529890909090909,0.0,0.0,0.4122509090909091,0.0,24388546,71.12435410118172,24388546,0.38864675647339475,0,0,0,0,0,0,75190.58158609878,12970,94,33725731,355555,2905,4,0,0,340075,24388546,9357511,183734,20139,1,1,0,0,60141,71404,439743,5277526,3712572,60141,71404,439743,5277526,3712572,110714,105143,407249,5223994,3714286
IBMObjectStoreTrace018Part2,52870729,52.870729,31174828,58.96424844075822,51673928,877493,0,0,319308,0,97.7363637259475,1.6596952918882584,0.0,0.0,0.603940982164252,0.0,21490986,68.93698338929087,21490986,0.7606136591996594,0,0,0,0,0,0,83326.3307689962,13739.0,75,30505920,382476,3012,6,0,0,521024,21490986,8867336,286468,9012,1,1,0,0,149088,117461,420271,5287406,3188592,149088,117461,420271,5287406,3188592,227861,147397,406588,5199639,3181333
IBMObjectStoreTrace019Part0,927035,0.9270349999999999,8445,0.9109688415216253,549244,0,377791,0,0,0,59.24738548167006,0.0,40.75261451832994,0.0,0.0,0.0,0,0.0,0,0.0,0,106081,271710,91525,101.81561288624839,5.0,27138.367554766133,20673,0,8445,0,0,0,0,0,0,0,1192,7101,152,0,0,0,0,0,12,1180,0,7253,0,12,1180,0,7253,0,14,1178,0,7253
IBMObjectStoreTrace020Part0,1080240,1.08024,1013584,93.8295193660668,181096,899111,33,0,0,0,16.764422720876844,83.23252240242908,0.0030548766940679847,0.0,0.0,0.0,102400,10.102764053102653,102400,87.90341994348766,32,1,0,0,38361.0,38361,23855359.85834129,5156642.0,0,165953,580194,233735,29966,3736,0,892072,102400,18473,556,82,1,0,0,0,231,4839,4840,5435,3767,231,4839,4840,5435,3767,230,5121,4682,5382,3697
IBMObjectStoreTrace021Part0,100021,0.100021,17001,16.997430539586684,33084,1059,65878,0,0,0,33.07705381869807,1.0587776566920946,65.86416852460984,0.0,0.0,0.0,1059,6.2290453502735135,1059,0.0,0,0,65878,32939,152.69999089225539,163,200544.18140109404,37997,1,16689,302,9,1,0,0,0,1059,15941,0,1,0,0,0,0,3,1,0,15938,0,3,1,0,15938,0,3,1,0,15938,0
IBMObjectStoreTrace022Part0,6949314,6.949314,372457,5.359622546916142,4439535,321690,1395516,0,792573,0,63.8845071614263,4.629090008020936,20.081349036753842,0.0,11.405053793798928,0.0,1504,0.40380500299363414,1504,2.901274509540699,59545,712874,623097,311518,89.81949390467712,11.0,601807.075802352,251203,4824,296396,17635,154,169,3,0,72497,1504,29558,268705,81,112,0,0,0,20241,5113,229259,43463,380,20241,5113,229259,43463,380,26172,1728,228585,41598,373
IBMObjectStoreTrace023Part0,4931101,4.931101,282292,5.724725573457125,3029036,229160,1138149,0,534756,0,61.427174174692425,4.647238010334812,23.081032004820017,0.0,10.844555810152743,0.0,1024,0.3627449591203435,1024,1.5019908463576723,170914,524884,442351,221173,20.45363960126371,11,469335.63587635773,252083,4866,218735,14096,2,0,0,0,57547,1024,12881,210837,3,0,0,0,0,5717,2520,158136,57330,18,5717,2520,158136,57330,18,12096,1308,178030,32269,18
IBMObjectStoreTrace024Part0,33370921,33.370921,5469,0.01638851981340281,5951858,619,27417976,0,468,0,17.835462197761938,0.0018549083496976306,82.16128047529764,0.0,0.0014024185907245414,0.0,0,0.0,0,6.308283049917717,21458681,5889122,70173,34625,95.85499211900846,80,42774271.94089879,0.0,3078,3597,196,1036,453,14,0,4028,0,1,0,119,1158,163,0,0,0,0,1,85,1355,0,0,1,85,1355,0,0,1,85,1355
IBMObjectStoreTrace025Part0,158125,0.158125,32464,20.530592885375494,91723,26295,39350,3,754,0,58.00664031620554,16.62924901185771,24.885375494071145,0.0018972332015810276,0.4768379446640316,0.0,131,0.40352390340069,131,17.339206505667818,2621,26785,9944,4056,183251.016730975,1177,94357734.62110282,36650914,658,3161,1325,27115,632,14,52,6688,131,25153,471,14,7,0,0,0,808,2706,18865,2311,955,808,2706,18865,2311,955,807,2711,18864,2320,943
IBMObjectStoreTrace026Part0,11888592,11.888592000000001,419361,3.5274236007089823,974075,345651,10530353,7089,31424,0,8.193358809857383,2.9074174637333,88.5752745152664,0.059628591846704805,0.2643206192962127,0.0,18679,4.454157635068593,18679,13.671276060482496,7836688,381757,2311908,97192,241542.13016834776,744,41876425.29217423,28262784,15714,99186,53081,253911,10872,1343,32,109599,18679,283953,6934,188,8,0,0,0,9165,44873,196822,34180,6043,9165,44873,196822,34180,6043,9144,45208,198553,32219,5959
IBMObjectStoreTrace027Part0,257536,0.257536,61201,23.764056287276343,130608,38042,72187,0,16699,0,50.714463220675945,14.77152708747515,28.029867668986086,0.0,6.484142022862822,0.0,404,0.6601199326808386,404,51.27040407836473,16957,9685,45545,15192,1595.535675523576,19,81659395.07832776,280433,16465,32395,11106,9690,143,132,91,39735,404,20819,83,140,20,0,0,0,11791,428,5466,3357,20,11791,428,5466,3357,20,11790,429,5462,3314,67
IBMObjectStoreTrace028Part0,1163995,1.163995,472906,40.62783774844394,703886,460109,0,0,0,0,60.471565599508594,39.52843440049141,0.0,0.0,0.0,0.0,13225,2.796538847043599,13225,89.95233725095474,0,0,0,0,0,0,234713.76523241407,89776.0,0,459722,13184,0,0,0,0,425421,13225,15879,18222,156,3,0,0,0,8543,880,5459,18494,884,8543,880,5459,18494,884,10562,873,5864,16294,667
IBMObjectStoreTrace029Part0,18105881,18.105881,3967781,21.914321650517863,9052226,0,9053655,0,0,0,49.99605376838608,0.0,50.00394623161392,0.0,0.0,0.0,75537,1.9037593052640758,75537,0.0,3421,9026291,23943,11883,576.017731347062,269.0,2627.0597427126145,2266,4,3967780,1,0,0,0,0,787,75537,3891457,0,0,0,0,0,0,65,948,672,1146096,2743676,65,948,672,1146096,2743676,65,4889,7016,1137155,2742332
IBMObjectStoreTrace030Part0,6469579,6.4695789999999995,3172989,49.04475237105846,3234432,0,3235147,0,0,0,49.99447413811625,0.0,50.00552586188375,0.0,0.0,0.0,3121138,98.36586259832606,3121138,0.0,2983,3225762,6402,3169,649.9938190069716,267,2691.2883375895726,1574,1,3172989,0,0,0,0,0,2576,3121138,49275,0,0,0,0,0,0,989,32589,15598,99,0,989,32589,15598,99,0,989,32853,15334,99,0
IBMObjectStoreTrace031Part0,31623728,31.623728,201926,0.6385268681794884,695443,202739,30664262,17575,43709,0,2.199117700481107,0.6410977225708494,96.96599338319632,0.05557535784522305,0.13821583590650666,0.0,3487,1.7268702395927222,3487,0.0,30344244,1577,318441,20309,86962.13172804532,23.0,90230.96360187414,0.0,120402,201679,189,31,4,2,1,193934,3487,2480,747,1143,133,2,0,0,1250,594,880,911,870,1250,594,880,911,870,1409,633,820,815,828
IBMObjectStoreTrace032Part0,1494014,1.494014,37879,2.5353845412425855,834020,120137,451861,44748,43248,0,55.82410874329157,8.0412231746155,30.24476343595174,2.99515265586534,2.8947519902758607,0.0,1718,4.5354946012302335,1718,0.0,349175,8029,94657,17844,648675.9380435203,16660,2424.243879071748,510.0,6038,37545,31,0,0,0,0,19039,1718,3213,13426,483,0,0,0,0,208,330,2118,6585,7881,208,330,2118,6585,7881,208,343,3223,7082,6266
IBMObjectStoreTrace033Part0,1014476,1.014476,10047,0.9903634980029099,104529,165829,631687,65661,46770,0,10.30374301609895,16.346271375567287,62.26731830028507,6.472405458581573,4.610261849467114,0.0,115,1.144620284662088,115,0.0,433637,1694,196356,22352,3260812.19537553,745.5,2012.2442878711627,669,298,9931,4,0,0,0,0,490,115,8707,592,143,0,0,0,0,13,49,0,33,9347,13,49,0,33,9347,13,49,0,44,9336
IBMObjectStoreTrace034Part0,19383990,19.38399,2138508,11.032341638640961,12809080,2008371,4525572,25635,15332,0,66.08071919145645,10.360978312514606,23.34695797923957,0.1322483142015653,0.07909620258780571,0.0,448713,20.982526135043685,448713,6.238414820052111,42626,3711658,771288,369978,709.6753392512218,5.0,854774.1020866852,7293.0,35130,2022733,67893,29693,2848,9,0,196435,448713,1226795,261713,4622,224,6,0,0,757993,255488,405882,58652,15345,757993,255488,405882,58652,15345,781652,266149,368282,57019,20258
IBMObjectStoreTrace035Part0,210006,0.210006,168,0.07999771435101855,209619,387,0,0,0,0,99.81571955086997,0.18428044913002484,0.0,0.0,0.0,0.0,0,0.0,0,1.7857142857142856,0,0,0,0,0,0,31041.678571428572,9860.0,0,168,0,0,0,0,0,9,0,1,63,50,45,0,0,0,0,0,0,1,158,0,0,0,1,158,0,0,0,1,158
IBMObjectStoreTrace036Part0,31936385,31.936384999999998,1364680,4.273119828684431,30336519,1599866,0,0,0,0,94.99045994091065,5.009540059089343,0.0,0.0,0.0,0.0,415,0.03041005950112847,415,0.09467420933845297,0,0,0,0,0,0,34258.922322449216,4789.0,0,1364556,121,3,0,0,0,1292,415,135638,1223841,3483,11,0,0,0,107384,619164,260023,51652,324750,107384,619164,260023,51652,324750,929014,83356,10946,14854,324803
IBMObjectStoreTrace037Part0,228656,0.228656,7,0.003061367294101183,228656,0,0,0,0,0,100.0,0.0,0.0,0.0,0.0,0.0,0,0.0,0,0.0,0,0,0,0,0,0,20365.85714285714,1908,0,7,0,0,0,0,0,0,0,0,0,0,3,4,0,0,0,0,0,0,7,0,0,0,0,7,0,0,0,0,7
IBMObjectStoreTrace038Part0,1801967,1.801967,7079,0.3928484816869565,1794880,1439,5648,0,0,0,99.60670755901745,0.07985717829460806,0.3134352626879405,0.0,0.0,0.0,385,5.43862127419127,385,20.299477327306118,0,5648,0,0,363.53665014164307,201.0,25090938.296793334,5630492,0,1755,2602,2598,124,0,0,1437,385,1078,1966,1810,390,13,0,0,2436,2767,53,0,1,2436,2767,53,0,1,2466,2736,54,0,1
IBMObjectStoreTrace039Part0,216466,0.21646600000000002,2862,1.3221475889978103,216213,204,0,0,49,0,99.88312252270565,0.09424112793695084,0.0,0.0,0.02263634935740486,0.0,237,8.280922431865829,237,0.1397624039133473,0,0,0,0,0,0,43055.880111849,37818,0,2861,0,0,0,0,0,5,237,784,1420,411,4,1,0,0,1,233,449,519,1418,1,233,449,519,1418,1,274,554,542,1249
IBMObjectStoreTrace040Part0,439434,0.43943400000000005,2,0.00045513091840868026,439434,0,0,0,0,0,100.0,0.0,0.0,0.0,0.0,0.0,0,0.0,0,0.0,0,0,0,0,0,0,33043.0,33043.0,0,2,0,0,0,0,0,0,0,0,0,0,0,0,2,0,0,0,0,0,2,0,0,0,0,2,0,0,0,0,2
IBMObjectStoreTrace041Part0,3945798,3.945798,281813,7.142104081354393,246981,22583,3676165,0,69,0,6.259342216707495,0.5723303625781148,93.1665787250133,0.0,0.0017486957010977248,0.0,5068,1.7983556471844804,5068,1.8909702533240127,2608467,142321,925377,102276,142.20626172847582,12,17159246.015872,9576118.0,362,32756,121936,126543,519,0,0,256931,5068,2651,17163,0,0,0,0,0,0,346,1626,16954,888,0,346,1626,16954,888,0,493,14379,4044,898
IBMObjectStoreTrace042Part0,1234930,1.23493,201254,16.296794150275723,260480,400729,573721,0,0,0,21.09269351299264,32.44953155239568,46.45777493461168,0.0,0.0,0.0,265,0.13167440150257884,265,0.041241416319675636,112975,160159,300587,100224,17.876520356551694,14,66.66219304957914,0.0,201139,201254,0,0,0,0,0,100998,265,99990,0,0,0,1,0,0,99916,0,71,3,1,99916,0,71,3,1,99916,0,71,3,1
IBMObjectStoreTrace043Part0,2240073,2.2400729999999998,233522,10.424749550572681,2121514,116721,170,0,1668,0,94.70735998335769,5.210589119193884,0.0075890383929452295,0.0,0.07446185905548613,0.0,84823,36.32334426734955,84823,15.160027748991531,2,164,4,2,2083.5180722891564,1510.5,134729.97502162537,71104.0,4,231536,1986,0,0,0,0,35412,84823,70601,40862,1775,43,6,0,0,91,12422,12716,16569,71489,91,12422,12716,16569,71489,92,13022,14962,18834,66377
IBMObjectStoreTrace044Part0,18878914,18.878914,2048294,10.849638914611296,12450371,2017282,4394654,40,16567,0,65.9485550916753,10.685370991149174,23.278108052189868,0.00021187659417273684,0.08775398839149327,0.0,376785,18.39506438040633,376785,8.917030465353118,28848,3538406,827400,384762,661.0534728566302,5.0,232730.9482888203,2437,45315,1987230,39617,4407,450,23,0,221076,376785,1206831,238986,4557,59,0,0,0,531143,287333,139766,489252,2939,531143,287333,139766,489252,2939,547010,355756,171520,373405,2742
IBMObjectStoreTrace045Part0,39906232,39.906232,11020940,27.617089982336594,16771825,10992623,513163,0,11628621,0,42.02808473623869,27.54613114061984,1.2859219582545403,0.0,29.139862164886924,0.0,383280,3.477743277796631,383280,39.26919119421755,511288,696,1179,544,269.48548387096776,186.0,1072618.674375461,37423,170,10266324,396855,356263,7,0,0,4904058,383280,5722888,10704,10,0,0,0,0,17857,5638020,16442,40928,20355,17857,5638020,16442,40928,20355,17862,5647928,17617,33553,16642
IBMObjectStoreTrace046Part0,112548,0.112548,28,0.024878274158581227,76240,0,36308,0,0,0,67.73998649465118,0.0,32.26001350534883,0.0,0.0,0.0,0,0.0,0,0.0,0,32528,3780,1878,15.630297041213742,7.0,2154180.035714286,595898.5,0,16,11,1,0,0,0,0,0,0,0,4,24,0,0,0,0,0,0,0,28,0,0,0,0,28,0,0,0,0,28
IBMObjectStoreTrace047Part0,280000,0.28,10000,3.571428571428571,280000,0,0,0,0,0,100.0,0.0,0.0,0.0,0.0,0.0,0,0.0,0,0.0,0,0,0,0,0,0,111563.4352,100396.5,0,9976,24,0,0,0,0,0,0,0,10000,0,0,0,0,0,0,0,0,0,10000,0,0,0,0,10000,0,0,0,0,10000
IBMObjectStoreTrace048Part0,3868895,3.868895,459379,11.873648677464754,58053,22882,3787955,0,5,0,1.500505958419652,0.5914350221445658,97.90792978356869,0.0,0.00012923586708866487,0.0,20445,4.450573491604971,20445,0.1436722183643571,3697490,26889,63576,8461,69646.26888260254,12.0,175520.753404052,21156,0,446475,12400,504,0,0,0,434254,20445,4391,289,0,0,0,0,0,0,2647,25,1855,153,0,2647,25,1855,153,0,2647,47,1627,359
IBMObjectStoreTrace049Part0,24883053,24.883053,11884679,47.762141566792465,1162637,11859375,13,0,11861028,0,4.672404949665943,47.66044986521549,5.224439300113213e-05,0.0,47.66709294072557,0.0,1162247,9.779372248926538,1162247,89.99299854880388,9,4,0,0,1017.25,691.0,230735.03780760863,81907.0,2440,11379559,479747,0,0,0,0,10722237,1162247,195,0,0,0,0,0,0,0,1,194,0,0,0,1,194,0,0,0,1,194,0,0
IBMObjectStoreTrace050Part0,25306663,25.306663,12097045,47.801818042939914,1162633,12069839,45,0,12074146,0,4.594177430663221,47.69431275865965,0.00017781878234992895,0.0,47.71133199189478,0.0,1162243,9.607660383176222,1162243,90.1802960971047,24,21,0,0,2565.809523809524,1942,16292.776570000087,12566.0,0,12071942,0,0,0,0,0,10934607,1162243,195,0,0,0,0,0,0,0,1,194,0,0,0,1,194,0,0,0,1,194,0,0
IBMObjectStoreTrace051Part0,4395410,4.39541,2020670,45.972275623889466,4383374,12036,0,0,0,0,99.72616888981915,0.27383111018084777,0.0,0.0,0.0,0.0,971938,48.09978868395136,971938,0.0049488535980640085,0,0,0,0,0,0,31234.51727248883,6679.0,0,2020655,15,0,0,0,0,120,971938,1042567,6045,0,0,0,0,0,85,303,4849,129098,914277,85,303,4849,129098,914277,85,576,5379,141748,900824
IBMObjectStoreTrace052Part0,628483,0.6284829999999999,310612,49.422498301465595,150715,209464,7527,0,260777,0,23.980760020557437,33.3285068967657,1.1976457597102865,0.0,41.49308732296657,0.0,135655,43.67345756120176,135655,41.245347893835394,0,7527,0,0,213.60661618174572,105,11351930.732747022,25726,0,143666,88885,34867,3608,275,0,167427,135655,7530,0,0,0,0,0,0,0,717,6813,0,0,0,717,6813,0,0,0,717,6813,0,0
IBMObjectStoreTrace053Part0,4498260,4.49826,375327,8.343826279494738,3139205,254143,1102791,0,2121,0,69.78709545468692,5.6498068141903754,24.515946165850796,0.0,0.04715156527190514,0.0,29032,7.735121640596067,29032,15.945828570819579,10101,961130,131560,58607,373.5734929692656,24,853487.7564776557,3958.0,6030,351182,18744,3009,249,22,0,65708,29032,186515,93365,684,22,1,0,0,1923,231,1287,274649,2497,1923,231,1287,274649,2497,2441,14893,25370,237262,621
IBMObjectStoreTrace054Part0,35597,0.035597000000000004,7902,22.198499873584854,34939,314,38,0,306,0,98.15152962328287,0.8820968059106103,0.10675056886816305,0.0,0.8596230019383656,0.0,78,0.9870918754745633,78,0.3416856492027335,38,0,0,0,0,0,254504.92109929078,491.0,0,7873,12,11,0,0,0,58,78,7765,0,0,1,0,0,0,0,174,0,5847,1745,0,174,0,5847,1745,0,174,5,5842,1745
IBMObjectStoreTrace055Part0,7657081,7.657081,4183374,54.63405702512485,3569701,4079433,7947,0,0,0,46.61960608748947,53.27660762632653,0.10378628618399101,0.0,0.0,0.0,1018770,24.352830992399916,1018770,55.734820745168854,1,7946,0,0,81.13189025924994,50.0,3348138.174566032,1933031.0,0,1340071,2610974,232329,0,0,0,2331600,1018770,831209,1369,426,0,0,0,0,3148,9192,61852,758601,211,3148,9192,61852,758601,211,3404,9241,61728,758409,222
IBMObjectStoreTrace056Part0,4973455,4.9734549999999995,71849,1.4446496449651198,2487571,89223,2390307,6354,0,0,50.01696004085691,1.7939842624493436,48.06129742804549,0.12775826864825357,0.0,0.0,13864,19.296023605060615,13864,2.147559464989074,1791354,108724,490229,59974,2826261.744774686,6.0,1737581.3961363414,108,19,67456,2266,1951,176,0,0,23303,13864,26104,3365,5066,130,17,0,0,7943,5126,2343,12399,6871,7943,5126,2343,12399,6871,9329,10450,554,7433,6916
IBMObjectStoreTrace057Part0,4308574,4.308573999999999,64607,1.4994984419439008,2259456,79919,1963868,5331,0,0,52.44092360952835,1.854882845229071,45.58046351298597,0.12373003225661205,0.0,0.0,11805,18.272013868466267,11805,2.1777825932174535,1361625,94787,507456,67817,2377525.6227952573,6.0,1723304.4964787096,71,264,60779,2147,1498,183,0,0,19730,11805,21121,7813,4035,88,15,0,0,6485,3596,1962,10536,10493,6485,3596,1962,10536,10493,7430,8200,341,6608,10493
IBMObjectStoreTrace058Part0,72000000,72.0,1448911,2.012376388888889,253512,798968,69986148,372099,589273,0,0.35209999999999997,1.1096777777777778,97.20298333333334,0.5168041666666666,0.8184347222222224,0.0,133228,9.195043725943139,133228,0.0386497169253322,68232779,10137,1743232,173343,1914.9248310442556,207.0,63732645.35783114,5018,528605,1037081,98022,14294,297778,2,0,1305063,133228,7541,2976,102,1,0,0,0,2517,4937,2682,484,0,2517,4937,2682,484,0,2906,4552,2677,485,0
IBMObjectStoreTrace058Part1,67833095,67.833095,1702275,2.509505131676507,383964,957313,65301795,457711,732312,0,0.5660422836375076,1.4112771944137297,96.26834069711842,0.6747606017387235,1.0795792230916192,0.0,164083,9.63904187043809,164083,0.03371958114875681,62992750,3404,2305641,218436,603207.9979760187,60.0,58181271.099889085,4644,628755,1221605,100987,16301,362351,3,0,1528902,164083,5550,3704,24,11,1,0,0,1292,3109,1269,1622,1998,1292,3109,1269,1622,1998,1424,2996,1397,1549,1924
IBMObjectStoreTrace059Part0,1851095,1.851095,53284,2.878512448037513,454334,37480,1352038,0,7243,0,24.544067160248392,2.024747514309098,73.03990340852306,0.0,0.39128191691944497,0.0,294,0.5517603783499737,294,29.297725395991293,1114288,153240,84510,33296,385.9266039799288,13.0,1426365.5530566038,357291,7027,33706,12286,310,73,0,0,29506,294,10636,12484,363,1,0,0,0,9528,3748,1294,8415,499,9528,3748,1294,8415,499,9528,4546,499,4075,4836
IBMObjectStoreTrace060Part0,2925183,2.925183,148762,5.085562168247251,908429,110913,1905841,0,0,0,31.05545875249514,3.791660214078914,65.15288103342594,0.0,0.0,0.0,0,0.0,0,74.55667441954262,0,407460,1498381,488605,257.7700680196191,6,587.1470671273578,530.0,0,148762,0,0,0,0,0,110912,0,1,37849,0,0,0,0,0,1,0,0,0,37849,1,0,0,0,37849,1,0,0,0,37849
IBMObjectStoreTrace061Part0,10557378,10.557378,3026,0.028662419778850392,1597890,20,8959468,0,0,0,15.1352921151445,0.00018944097672736544,84.86451844387878,0.0,0.0,0.0,0,0.0,0,0.0,268825,385950,8304693,1083658,67.09448165769375,35.0,78249.6787838731,3037.0,249,2980,42,4,0,0,0,249,0,0,0,2776,1,0,0,0,0,0,0,0,2777,0,0,0,0,2777,0,0,0,0,2777
IBMObjectStoreTrace062Part0,4821600,4.8216,536876,11.134810021569603,4556807,264793,0,0,0,0,94.50819230131077,5.491807698689232,0.0,0.0,0.0,0.0,164739,30.68473912039279,164739,49.238185353787465,0,0,0,0,0,0,618943.1960676209,220162.0,0,527549,8229,648,441,9,0,264452,164739,95067,10808,1295,404,111,0,0,322,13252,29760,26376,37975,322,13252,29760,26376,37975,328,13467,31901,26227,35762
IBMObjectStoreTrace063Part0,65000000,65.0,13295797,20.45507230769231,1218814,6800726,37310568,6434710,13235182,0,1.8750984615384616,10.462655384615385,57.40087384615384,9.899553846153847,20.361818461538462,0.0,1157464,8.705487907193529,1157464,0.013131969448691192,34880363,6019,2424186,1212075,7.409492206676989,6.0,91726.60789363991,281.0,0,13182492,102109,0,6099,0,0,12107671,1157464,30662,0,0,0,0,0,0,0,23596,6909,157,0,0,23596,6909,157,0,0,23596,6909,157,0
IBMObjectStoreTrace063Part1,65000000,65.0,13283136,20.435593846153846,1219876,6797069,37320344,6433697,13229014,0,1.8767323076923077,10.457029230769232,57.41591384615384,9.897995384615385,20.352329230769232,0.0,1160342,8.735452230557602,1160342,0.004953649499636231,34883201,1701,2435442,1217701,7.575260660553288,6.0,91103.25485842081,219.0,0,13175753,101063,0,5998,0,0,12093027,1160342,29767,0,0,0,0,0,0,0,24806,4961,0,0,0,24806,4961,0,0,0,24806,4961,0,0
IBMObjectStoreTrace063Part2,65000000,65.0,13292148,20.449458461538462,1181794,6800653,37294407,6460790,13262356,0,1.8181446153846155,10.462543076923076,57.37601076923077,9.939676923076924,20.403624615384615,0.0,1130170,8.5025384911453,1130170,0.0,34930819,0,2363588,1181794,7.681227015875863,6.0,78632.32438092958,184,0,13218856,68104,0,5187,0,0,12136166,1130170,25812,0,0,0,0,0,0,0,19631,6181,0,0,0,19631,6181,0,0,0,19631,6181,0,0
IBMObjectStoreTrace063Part3,62829616,62.829616,12851879,20.455128995217798,1178734,6608784,36034020,6199821,12808257,0,1.8760802230591382,10.518580918909324,57.35196599005157,9.867672913996483,20.385699953983487,0.0,1123400,8.741134273050656,1123400,0.005983560847406049,33679935,2793,2351292,1175640,7.743703715018164,6,87367.58148426343,219,0,12768471,77342,0,5558,0,0,11700812,1123400,27667,0,0,0,0,0,0,0,22000,5667,0,0,0,22000,5667,0,0,0,22000,5667,0,0
IBMObjectStoreTrace064Part0,658198,0.658198,4439,0.6744171206840495,653704,1031,3463,0,0,0,99.317226731166,0.15663979531994932,0.5261334735140489,0.0,0.0,0.0,364,8.20004505519261,364,22.12209957197567,0,3463,0,0,368.32255269997114,243,29546051.373732824,3973096,0,1496,1289,1633,21,0,0,982,364,878,1394,720,90,11,0,0,1481,1568,43,0,1,1481,1568,43,0,1,1461,1586,45,0,1
IBMObjectStoreTrace065Part0,693021,0.693021,3188,0.46001492018279383,280021,1444,411433,0,123,0,40.405846287486234,0.20836309433624667,59.36804223825829,0.0,0.017748379919223227,0.0,41,1.2860727728983687,41,33.72020075282309,82,170961,240390,75522,588.5737921073664,16,1573240.520391517,355954,246,2300,753,7,5,0,0,1280,41,168,428,1269,2,0,0,0,1,167,0,21,1678,1,167,0,21,1678,3,167,0,18,1679
IBMObjectStoreTrace066Part0,1041474,1.041474,58593,5.625968579148399,305505,1009,734804,0,156,0,29.333905599179623,0.09688191927979,70.5542337110672,0.0,0.01497877047338676,0.0,384,0.6553683887153755,384,0.12117488437185328,709326,201,25277,11174,27808.38610989011,31,684960750.7040675,1206328,803,24817,24128,3254,3032,1371,1837,53562,384,2934,437,1264,12,0,0,0,1,60,2973,1601,12,1,60,2973,1601,12,1,61,2972,1601,12
IBMObjectStoreTrace067Part0,5456514,5.456514,59315,1.087049350556051,98588,13290,5344102,179,355,0,1.8067945944975123,0.2435620984386735,97.93985683900014,0.0032804827404456396,0.006505985323230179,0.0,308,0.519261569586108,308,8.065413470454354,5199733,69977,74392,15578,14372.413909181229,58,12813721.584235374,2966480.0,4529,24365,25941,7979,991,31,3,51925,308,5088,1994,0,0,0,0,0,75,367,1624,3563,1453,75,367,1624,3563,1453,76,381,1726,4221,678
IBMObjectStoreTrace068Part0,8967728,8.967728,87805,0.9791220251104851,4894257,86503,3980927,6041,0,0,54.576331931566166,0.9646032975130379,44.39170099717565,0.06736377374514481,0.0,0.0,12917,14.711007345823132,12917,1.8757473947952847,3247453,199676,533798,62835,2005995.876203283,8,1681154.5371561984,71,49,82964,2207,2429,203,2,0,30727,12917,24920,4151,14948,124,18,0,0,7694,5646,2547,11708,16566,7694,5646,2547,11708,16566,8214,11668,1966,5814,16499
IBMObjectStoreTrace069Part0,2376315,2.376315,793355,33.385935787132595,792256,791932,0,0,792127,0,33.33968770975228,33.326053153727514,0.0,0.0,33.3342591365202,0.0,791884,99.81458489579066,791884,0.14394564854321204,0,0,0,0,0,0,130330.62659892334,84794.0,74,775148,18042,0,0,0,0,1307,791884,164,0,0,0,0,0,0,0,0,164,0,0,0,0,164,0,0,0,0,164,0,0
IBMObjectStoreTrace070Part0,2411287,2.4112869999999997,810878,33.628431621785374,792240,809435,0,0,809612,0,32.855483399528964,33.56858806106449,0.0,0.0,33.57592853940655,0.0,791848,97.65316114138008,791848,2.303182476278799,0,0,0,0,0,0,14204.351232135941,10935.0,0,810706,0,0,0,0,0,18857,791848,173,0,0,0,0,0,0,4,6,163,0,0,4,6,163,0,0,4,6,163,0,0
IBMObjectStoreTrace071Part0,54933,0.054933,2,0.003640798791254801,45878,0,9051,4,0,0,83.51628347259388,0.0,16.476434929823604,0.007281597582509602,0.0,0.0,0,0.0,0,0.0,5,2613,6433,359,671.8381561238224,619.0,2498616411.0,2498616411.0,0,0,1,0,0,1,0,0,0,0,1,0,0,1,0,0,0,0,0,1,1,0,0,0,1,1,0,0,0,1,1
IBMObjectStoreTrace072Part0,1532048,1.532048,335547,21.901859471765896,1301996,229872,180,0,0,0,84.9840213883638,15.004229632491933,0.011748979144256577,0.0,0.0,0.0,181295,54.02968883643722,181295,21.437533341081874,163,17,0,0,98445698.64705883,45966871,95935.13487827338,77580,0,335112,316,119,0,0,0,72096,181295,67753,13729,495,179,0,0,0,30,376,1463,15937,64350,30,376,1463,15937,64350,30,380,2904,16610,62232
IBMObjectStoreTrace073Part0,261214,0.261214,991,0.37938242207538647,216349,103,44639,9,114,0,82.82442748091603,0.03943127091197256,17.089053419801388,0.0034454508563859514,0.04364237751422206,0.0,0,0.0,0,0.0,14735,29379,525,217,1537.6035275037168,788.0,1719526.1530612244,2015638.0,241,274,706,0,0,0,0,252,0,0,329,410,0,0,0,0,0,66,17,96,560,0,66,17,96,560,0,88,1,650,0
IBMObjectStoreTrace074Part0,1516102,1.516102,1530,0.10091669294018477,373602,376530,765658,234,78,0,24.64227340904504,24.83540025671096,50.50174724391895,0.015434317743792964,0.005144772581264321,0.0,364,23.79084967320261,364,0.0,25953,11487,728218,361379,20238.897480596246,6.0,83086.16862745098,0.0,835,1500,30,0,0,0,0,765,364,275,17,68,32,9,0,0,56,5,38,240,62,56,5,38,240,62,101,4,32,202,62
IBMObjectStoreTrace075Part0,57759322,57.759322,43721771,75.69647545378044,10580122,1399479,3464219,0,42315502,0,18.31760075023041,2.4229491474986498,5.9976794741461825,0.0,73.26177062812475,0.0,175926,0.4023761983475006,175926,0.06808049930090893,32914,3278961,152344,72483,143.7112104513756,6.0,560610.9835694405,5923.0,30003,1352934,37624,15628,67,28,1,42362947,175926,937969,244172,706,41,10,0,0,188640,20685,97456,871986,4131,188640,20685,97456,871986,4131,224646,173612,193284,589752,1604
IBMObjectStoreTrace076Part0,7300887,7.3008869999999995,501662,6.871247288171971,5187823,0,2096564,2064,14436,0,71.05743452816075,0.0,28.716565535119226,0.02827053753879494,0.19772939918122276,0.0,0,0.0,0,0.0,3762,2092762,40,20,62.72472096950375,27.0,23399186.671312697,21997445.0,1104,1104,18354,467768,0,0,0,1369,0,86805,413488,0,0,0,0,0,1,0,8677,491615,0,1,0,8677,491615,0,1,0,2862,491324,6106
IBMObjectStoreTrace077Part0,213162,0.21316200000000002,23179,10.873889342378098,106096,1221,105845,0,0,0,49.77247351779398,0.5728037830382526,49.65472269916777,0.0,0.0,0.0,2652,11.441390914189569,2652,0.08197074938521938,192,105037,616,308,1690.5051117755945,39,70699.47922688641,1845,0,23117,53,9,0,0,0,81,2652,20439,7,0,0,0,0,0,10,0,29,5001,15406,10,0,29,5001,15406,10,0,29,4996,15411
IBMObjectStoreTrace078Part0,4610555,4.610555000000001,91176,1.9775493405891482,2277445,77816,2255294,0,0,0,49.39633081049895,1.6877794538835347,48.91588973561751,0.0,0.0,0.0,3215,3.5261472317276477,3215,9.862244450293938,150,2242975,12169,5956,46.32514114483726,23,439444.4222931473,279371.0,0,89089,2082,5,0,0,0,34409,3215,17873,29574,6064,41,0,0,0,32,1161,3745,7637,40977,32,1161,3745,7637,40977,32,1271,6294,4239,41716
IBMObjectStoreTrace079Part0,203798,0.203798,12608,6.186518022748015,101645,1047,101106,0,0,0,49.87536678475746,0.513744001413164,49.61088921382938,0.0,0.0,0.0,2150,17.05266497461929,2150,0.18242385786802032,73,99010,2023,958,6982.567491597311,5953.0,49444635.53386739,5008042.0,26,5068,2745,4374,377,22,22,49,2150,7692,2713,4,0,0,0,0,0,1,35,5218,5155,0,1,35,5218,5155,0,1,35,5905,4468
IBMObjectStoreTrace080Part0,9942302,9.942302,38144,0.38365360456763437,9506259,0,436043,0,0,0,95.61426518727755,0.0,4.385734812722446,0.0,0.0,0.0,0,0.0,0,0.0,1,435478,564,282,58.28548971911144,41.0,101978792.69709522,148173716.0,0,12251,1761,1360,22772,0,0,0,0,10962,6149,20285,748,0,0,0,8590,4440,4164,12708,8242,8590,4440,4164,12708,8242,8690,4337,3299,13870,7948
IBMObjectStoreTrace081Part0,7903320,7.90332,4281387,54.17200619486494,957452,1462096,2630131,0,2853641,0,12.114554389800741,18.49976971703031,33.278811942322974,0.0,36.10686395084598,0.0,176690,4.126933631554447,176690,0.4496440055524063,2599918,30213,0,0,227040859.1909774,101703878,4141075.000488416,2398004,57130,823011,914532,39632,0,0,0,4016841,176690,73484,14301,71,0,0,0,0,13880,5083,3982,11428,53483,13880,5083,3982,11428,53483,14222,5311,3870,10938,53515
IBMObjectStoreTrace082Part0,1526984,1.526984,35,0.0022920999827110173,1526984,0,0,0,0,0,100.0,0.0,0.0,0.0,0.0,0.0,0,0.0,0,0.0,0,0,0,0,0,0,1650590.0,44262,0,26,8,1,0,0,0,0,0,17,17,0,0,0,0,1,4,5,0,0,26,4,5,0,0,26,4,5,0,10,16
IBMObjectStoreTrace083Part0,76717468,76.717468,29015803,37.82163796125284,24890697,10790097,34399041,0,6637633,0,32.444627864934226,14.064719914896045,44.83860311969629,0.0,8.652049100473441,0.0,2831732,9.759274971642178,2831732,0.1332963282112165,33832543,566470,28,14,370163802.34142184,426974050.5,3806894.9852631264,3668544,146067,10718014,12135337,118062,11888,0,0,21249532,2831732,4578679,355860,0,0,0,0,0,97682,76935,220617,1859228,2680077,97682,76935,220617,1859228,2680077,114935,84050,220834,1811473,2703247
IBMObjectStoreTrace084Part0,411167,0.41116699999999995,1,0.00024321017980528595,411167,0,0,0,0,0,100.0,0.0,0.0,0.0,0.0,0.0,0,0.0,0,0.0,0,0,0,0,0,0,26.0,26,0,1,0,0,0,0,0,0,0,0,0,0,0,0,1,0,0,0,0,0,1,0,0,0,0,1,0,0,0,0,1
IBMObjectStoreTrace085Part0,10832655,10.832655,2883257,26.61634659277896,2714564,2688963,5429128,0,0,0,25.059082930269632,24.8227512091911,50.118165860539264,0.0,0.0,0.0,2714564,94.14922082908322,2714564,5.850779170916779,0,0,5429128,2714564,57.5784612188182,57.0,375617.67937682976,280299,0,2662992,220265,0,0,0,0,168693,2714564,0,0,0,0,0,0,0,0,0,0,0,0,0,0,0,0,0,0,0,0,0,0
IBMObjectStoreTrace086Part0,272123,0.272123,2313,0.8499832796198777,270580,1543,0,0,0,0,99.4329769993716,0.5670230006283923,0.0,0.0,0.0,0.0,213,9.208819714656292,213,52.226545611759626,0,0,0,0,0,0,395022.95460440987,59229,0,2187,106,20,0,0,0,1208,213,495,215,144,32,6,0,0,7,7,13,108,757,7,7,13,108,757,7,8,15,132,730
IBMObjectStoreTrace087Part0,145566,0.145566,929,0.6381984804143824,145308,258,0,0,0,0,99.8227608095297,0.17723919047030215,0.0,0.0,0.0,0.0,157,16.89989235737352,157,0.0,0,0,0,0,0,0,478159.707212056,50874,0,861,58,10,0,0,0,0,157,283,334,139,13,3,0,0,1,14,20,136,601,1,14,20,136,601,1,14,38,185,534
IBMObjectStoreTrace088Part0,568533,0.5685330000000001,2699,0.47473057852402584,188788,1,379743,0,1,0,33.20616393419555,0.00017589128511449643,66.79348428323422,0.0,0.00017589128511449643,0.0,0,0.0,0,0.0,6997,45336,327410,130090,90.16641204838507,6.0,213081.2171174509,4862,16,2626,59,14,0,0,0,128,0,0,2567,4,0,0,0,0,0,0,0,2,2569,0,0,0,2,2569,0,1,0,1,2569
IBMObjectStoreTrace089Part0,1600207,1.6002070000000002,168331,10.519326562126025,221220,13679,1273454,91854,0,0,13.824461460298574,0.8548269067689367,79.5805792625579,5.740132370374583,0.0,0.0,7283,4.326594626064124,7283,1.1257581788262412,849650,196,423608,206504,7257.563797774553,8.0,1533021.5172249912,37201,6,153678,8555,5870,223,5,0,64324,7283,96620,88,14,2,0,0,0,4582,80688,7549,3726,179,4582,80688,7549,3726,179,4599,80898,7603,3450,174
IBMObjectStoreTrace090Part0,232338,0.232338,3447,1.4836143893809879,56148,0,176190,0,0,0,24.166516024068383,0.0,75.83348397593161,0.0,0.0,0.0,0,0.0,0,0.0,64848,1305,110037,54255,39.717782577393805,7.0,155688.97911227154,4905,165,3378,57,12,0,0,0,1760,0,0,1684,3,0,0,0,0,0,0,0,1687,0,0,0,0,1687,0,0,0,0,1687,0
IBMObjectStoreTrace091Part0,5266764,5.266764,2763,0.05246105578301971,1716045,1,3550718,0,0,0,32.582530753229115,1.8986990873333228e-05,67.41745025978001,0.0,0.0,0.0,0,0.0,0,0.0,135349,432265,2983104,1151546,69.84227852944575,63,189679.44444444444,4809,94,2691,59,13,0,0,0,207,0,0,0,2553,3,0,0,0,0,0,0,0,2556,0,0,0,0,2556,0,0,0,0,2556
IBMObjectStoreTrace092Part0,640975,0.6409750000000001,2730,0.4259136471781271,213102,1,427871,0,1,0,33.24653847653964,0.00015601232497367291,66.7531494988104,0.0,0.00015601232497367291,0.0,0,0.0,0,0.0,7692,35534,384645,160434,81.38997183213586,6.0,163394.06446886447,4709.5,94,2676,43,11,0,0,0,94,0,0,2631,5,0,0,0,0,0,0,0,1,2635,0,0,0,1,2635,0,0,0,1,2635
IBMObjectStoreTrace093Part0,5073387,5.073386999999999,319869,6.30484132198076,112464,14964,4944535,716,708,0,2.216743962169651,0.2949508878388343,97.46023711575718,0.014112859909957589,0.01395517432437147,0.0,7,0.0021883958745611484,7,0.47863344056473117,4433876,22735,487924,20271,114.75136027531042,9.0,11986.75576564156,71,137612,319822,19,19,9,0,0,319850,7,0,1,3,5,3,0,0,0,0,0,7,5,0,0,0,7,5,0,0,0,7,5
IBMObjectStoreTrace094Part0,464098,0.464098,21489,4.630272054609156,441828,18024,0,0,4246,0,95.20144452249309,3.8836625023163216,0.0,0.0,0.9148929751905847,0.0,116,0.5398110661268556,116,77.4070454651217,0,0,0,0,0,0,4474351.123497563,5243530.0,0,2660,15810,0,0,0,0,19654,116,20,215,1484,0,0,0,0,0,0,4,220,1495,0,0,4,220,1495,0,0,4,220,1495
IBMObjectStoreTrace095Part0,1645140,1.64514,683450,41.54357683844536,434111,631645,0,0,579384,0,26.387480700730638,38.39460471449239,0.0,0.0,35.21791458477698,0.0,301494,44.113541590460166,301494,26.597556514741388,0,0,0,0,0,0,31043.387347856195,754.0,0,537567,2395,152,0,0,0,325117,301494,56839,0,0,0,0,0,0,256,0,56583,0,0,256,0,56583,0,0,256,0,56583,0,0
IBMObjectStoreTrace096Part0,41163423,41.163423,29621215,71.96003840594112,6024252,9863248,24207588,0,1068335,0,14.634963666651338,23.961194869532594,58.808491218040835,0.0,2.595350245775236,0.0,4913375,16.58735132910652,4913375,0.04054526460173899,23749638,443083,14867,7402,167879198.85543802,120896006,6326210.876458139,4606990.5,3,4045537,19174825,5339782,2802,4,0,24230849,4913375,475858,1111,22,0,0,0,0,42696,70625,131038,146842,85790,42696,70625,131038,146842,85790,42851,71148,131453,146526,85013
IBMObjectStoreTrace097Part0,56546465,56.546465,6976,0.012336757036889929,146989,44,56399430,1,1,0,0.25994374714670493,7.781211433818187e-05,99.73997490382467,1.7684571440495883e-06,1.7684571440495883e-06,0.0,6,0.08600917431192662,6,0.0,331343,8870,56059217,137200,634397.4979735743,6.0,129314.50071674312,4183.0,470,6812,148,16,0,0,0,2419,6,1776,2774,1,0,0,0,0,0,0,0,1776,2775,0,0,0,1776,2775,0,0,0,1776,2775
